Размер данных,Пользователи,Длительность (с),RPS,Среднее время (мс),Мин время (мс),Макс время (мс),Ошибки,Всего запросов
10,20,10,11.988736879436376,12.367566360943009,4.558200998872053,45.37104299743078,0,108
100,20,10,11.86284976882418,19.164668981081896,5.368190999433864,77.75037999817869,0,107
1000,20,10,10.962867272562084,141.81130677996407,5.17189799938933,529.2924170025799,0,100
10000,20,10,2.0070678746818675,2652.507232368455,727.0058009999047,5475.21413999857,0,19
